{
	"class_name" : "PinholeCameraParameters",
	"extrinsic" : 
	[
		0.57079417127358789,
		0.81214092561258744,
		-0.12091786875903762,
		0.0,
		0.81359437641751864,
		-0.57927207171746309,
		-0.050080511079135387,
		0.0,
		-0.11071677696666846,
		-0.069792434212371759,
		-0.99139841205482315,
		0.0,
		97.843243721208182,
		68.373399931961501,
		4960.0443787044978,
		1.0
	],
	"intrinsic" : 
	{
		"height" : 1080,
		"intrinsic_matrix" : 
		[
			935.30743608719376,
			0.0,
			0.0,
			0.0,
			935.30743608719376,
			0.0,
			959.5,
			539.5,
			1.0
		],
		"width" : 1920
	},
	"version_major" : 1,
	"version_minor" : 0
}